char,replacement,regex,allow
e,,,true
a,,,true
s,,,true
i,,,true
,,,
ꝗ,,,true
H,,,true
ͤ,,,true
ᷠ,,,true
ͫ,,,true
ᷨ,,,true
v,u,,
,,,true
ꝙ,,,true
0,,,true
9,,,true
K,,,true
5,,,true
4,,,true
ᷤ,,,true
ꝰ,,,true
‸,,,true
ꝵ,,,true
̧,,,true
F,,,true
ͬ,,,true
6,,,true
k,,,true
᷑,,,true
/,,,true
ͣ,,,true
∕,/,,
8,,,true
ẜ,,,true
ͨ,,,true
G,,,true
ꝯ,,,true
O,,,true
7,,,true
U,,,true
ꝓ,,,true
ͥ,,,true
¶,,,true
B,,,true
R,,,true
L,,,true
+,,,true
̾,,,true
⟧,,,true
⟦,,,true
⁊,,,true
P,,,true
I,,,true
T,,,true
D,,,true
N,,,true
M,,,true
S,,,true
C,,,true
ꝑ,,,true
y,,,true
-,,,true
Q,,,true
x,,,true
A,,,true
E,,,true
h,,,true
̃,,,true
f,,,true
b,,,true
z,,,true
g,,,true
q,,,true
c,,,true
p,,,true
m,,,true
d,,,true
r,,,true
o,,,true
u,,,true
n,,,true
t,,,true
l,,,true
.,,,true